week,display_name,Rk,team_name,matchup_id,wk_pf,total_pf,ppts,pfp,wins,losses,ties,streak,wk_win,wk_loss,standings,streak_num,wk_win_rank,wins_rank,loss_rank,wk_pf_rank,total_pf_rank,pfp_rank,streak_rank,Prev,Chg
1,mbkaufmann,1.0,NINE Victim Support Group,2.0,136.2,136.2,138.2,0.986,1.0,0.0,0.0,1W,1.0,0.0,1.0,1.0,3.5,3.5,3.5,1.0,1.0,2.0,3.5,1.0,0.0
1,jetlifeallstar,2.0,Jet Life All-Stars,3.0,135.34,135.34,142.94,0.947,1.0,0.0,0.0,1W,1.0,0.0,2.0,1.0,3.5,3.5,3.5,2.0,2.0,4.0,3.5,2.0,0.0
1,gunnardillon,3.0,Dillon Panthers,5.0,134.06,134.06,143.96,0.931,1.0,0.0,0.0,1W,1.0,0.0,3.0,1.0,3.5,3.5,3.5,3.0,3.0,5.0,3.5,3.0,0.0
1,kyledillon,4.0,Spurs Up,6.0,117.66,117.66,132.16,0.89,1.0,0.0,0.0,1W,1.0,0.0,4.0,1.0,3.5,3.5,3.5,6.0,6.0,6.0,3.5,4.0,0.0
1,joeycrossover,5.0,Cole World,1.0,107.86,107.86,122.56,0.88,1.0,0.0,0.0,1W,1.0,0.0,5.0,1.0,3.5,3.5,3.5,8.0,8.0,7.0,3.5,5.0,0.0
1,jammer317,6.0,jammer317,4.0,104.7,104.7,106.4,0.984,1.0,0.0,0.0,1W,1.0,0.0,6.0,1.0,3.5,3.5,3.5,9.0,9.0,3.0,3.5,6.0,0.0
1,Steveng93,7.0,Walker Hurts Swiftly,5.0,120.42,120.42,141.22,0.853,0.0,1.0,0.0,1L,0.0,1.0,7.0,-1.0,9.5,9.5,9.5,4.0,4.0,9.0,9.5,7.0,0.0
1,IssaWeelbie,8.0,Washington Weelbies,2.0,118.9,118.9,144.56,0.822,0.0,1.0,0.0,1L,0.0,1.0,8.0,-1.0,9.5,9.5,9.5,5.0,5.0,10.0,9.5,8.0,0.0
1,DoctaB,9.0,Bill’s Mafia,3.0,115.42,115.42,131.92,0.875,0.0,1.0,0.0,1L,0.0,1.0,9.0,-1.0,9.5,9.5,9.5,7.0,7.0,8.0,9.5,9.0,0.0
1,zexler,10.0,ETN Dak Boutte,4.0,104.5,104.5,105.0,0.995,0.0,1.0,0.0,1L,0.0,1.0,10.0,-1.0,9.5,9.5,9.5,10.0,10.0,1.0,9.5,10.0,0.0
1,johnhallock,11.0,GFYS Athletic Club,6.0,103.36,103.36,130.56,0.792,0.0,1.0,0.0,1L,0.0,1.0,11.0,-1.0,9.5,9.5,9.5,11.0,11.0,11.0,9.5,11.0,0.0
1,spida1313,12.0,Chase’in Coke,1.0,99.3,99.3,137.8,0.721,0.0,1.0,0.0,1L,0.0,1.0,12.0,-1.0,9.5,9.5,9.5,12.0,12.0,12.0,9.5,12.0,0.0
2,gunnardillon,1.0,Dillon Panthers,4.0,130.98,265.04,274.94,0.964,2.0,0.0,0.0,2W,1.0,0.0,1.0,2.0,3.5,2.0,2.0,4.0,2.0,4.0,2.0,3.0,2.0
2,joeycrossover,2.0,Cole World,1.0,135.82,243.68,282.48,0.863,2.0,0.0,0.0,2W,1.0,0.0,2.0,2.0,3.5,2.0,2.0,2.0,4.0,10.0,2.0,5.0,3.0
2,Steveng93,3.0,Walker Hurts Swiftly,6.0,145.06,265.48,293.78,0.904,1.0,1.0,0.0,1W,1.0,0.0,4.0,1.0,3.5,6.5,6.5,1.0,1.0,7.0,5.0,7.0,4.0
2,kyledillon,4.0,Spurs Up,5.0,124.68,242.34,272.84,0.888,2.0,0.0,0.0,2W,1.0,0.0,3.0,2.0,3.5,2.0,2.0,5.0,5.0,8.0,2.0,4.0,0.0
2,jetlifeallstar,5.0,Jet Life All-Stars,2.0,116.78,252.12,260.02,0.97,1.0,1.0,0.0,1L,0.0,1.0,5.0,-1.0,9.5,6.5,6.5,8.0,3.0,3.0,8.0,2.0,-3.0
2,zexler,6.0,ETN Dak Boutte,3.0,117.16,221.66,222.66,0.996,1.0,1.0,0.0,1W,1.0,0.0,7.0,1.0,3.5,6.5,6.5,7.0,8.0,1.0,5.0,10.0,4.0
2,spida1313,7.0,Chase’in Coke,2.0,135.08,234.38,295.38,0.793,1.0,1.0,0.0,1W,1.0,0.0,6.0,1.0,3.5,6.5,6.5,3.0,7.0,11.5,5.0,12.0,5.0
2,DoctaB,8.0,Bill’s Mafia,4.0,120.22,235.64,254.54,0.926,0.0,2.0,0.0,2L,0.0,1.0,10.0,-2.0,9.5,11.0,11.0,6.0,6.0,5.0,11.0,9.0,1.0
2,mbkaufmann,9.0,NINE Victim Support Group,3.0,72.36,208.56,227.5,0.917,1.0,1.0,0.0,1L,0.0,1.0,8.0,-1.0,9.5,6.5,6.5,11.0,10.0,6.0,8.0,1.0,-8.0
2,jammer317,10.0,jammer317,5.0,99.18,203.88,209.38,0.974,1.0,1.0,0.0,1L,0.0,1.0,9.0,-1.0,9.5,6.5,6.5,10.0,11.0,2.0,8.0,6.0,-4.0
2,johnhallock,11.0,GFYS Athletic Club,6.0,115.74,219.1,248.9,0.88,0.0,2.0,0.0,2L,0.0,1.0,11.0,-2.0,9.5,11.0,11.0,9.0,9.0,9.0,11.0,11.0,0.0
2,IssaWeelbie,12.0,Washington Weelbies,1.0,61.42,180.32,227.28,0.793,0.0,2.0,0.0,2L,0.0,1.0,12.0,-2.0,9.5,11.0,11.0,12.0,12.0,11.5,11.0,8.0,-4.0
3,kyledillon,1.0,Spurs Up,4.0,132.14,374.48,410.48,0.912,3.0,0.0,0.0,3W,1.0,0.0,1.0,3.0,3.5,1.0,1.0,1.0,4.0,5.0,1.0,4.0,3.0
3,jetlifeallstar,2.0,Jet Life All-Stars,1.0,127.36,379.48,405.56,0.936,2.0,1.0,0.0,1W,1.0,0.0,3.0,1.0,3.5,4.5,4.5,2.0,2.0,3.0,5.5,5.0,3.0
3,Steveng93,3.0,Walker Hurts Swiftly,6.0,116.62,382.1,429.0,0.891,2.0,1.0,0.0,2W,1.0,0.0,2.0,2.0,3.5,4.5,4.5,5.0,1.0,8.0,3.0,3.0,0.0
3,gunnardillon,4.0,Dillon Panthers,3.0,109.88,374.92,397.52,0.943,2.0,1.0,0.0,1L,0.0,1.0,4.0,-1.0,9.5,4.5,4.5,7.0,3.0,2.0,7.5,1.0,-3.0
3,zexler,5.0,ETN Dak Boutte,2.0,121.94,343.6,358.0,0.96,2.0,1.0,0.0,2W,1.0,0.0,6.0,2.0,3.5,4.5,4.5,3.0,6.0,1.0,3.0,6.0,1.0
3,spida1313,6.0,Chase’in Coke,3.0,121.38,355.76,426.56,0.834,2.0,1.0,0.0,2W,1.0,0.0,5.0,2.0,3.5,4.5,4.5,4.0,5.0,12.0,3.0,7.0,1.0
3,joeycrossover,7.0,Cole World,1.0,97.56,341.24,388.32,0.879,2.0,1.0,0.0,1L,0.0,1.0,7.0,-1.0,9.5,4.5,4.5,10.0,7.0,10.0,7.5,2.0,-5.0
3,johnhallock,8.0,GFYS Athletic Club,5.0,101.82,320.92,362.02,0.886,1.0,2.0,0.0,1W,1.0,0.0,8.0,1.0,3.5,9.0,9.0,9.0,8.0,9.0,5.5,11.0,3.0
3,jammer317,9.0,jammer317,6.0,103.9,307.78000000000003,330.18,0.932,1.0,2.0,0.0,2L,0.0,1.0,9.0,-2.0,9.5,9.0,9.0,8.0,10.0,4.0,9.5,10.0,1.0
3,mbkaufmann,10.0,NINE Victim Support Group,4.0,90.08,298.64,334.08,0.894,1.0,2.0,0.0,2L,0.0,1.0,10.0,-2.0,9.5,9.0,9.0,11.0,11.0,7.0,9.5,9.0,-1.0
3,DoctaB,11.0,Sheesh,5.0,82.46,318.1,352.3,0.903,0.0,3.0,0.0,3L,0.0,1.0,11.0,-3.0,9.5,11.5,11.5,12.0,9.0,6.0,11.5,8.0,-3.0
3,IssaWeelbie,12.0,Washington Weelbies,2.0,115.94,296.26,350.42,0.845,0.0,3.0,0.0,3L,0.0,1.0,12.0,-3.0,9.5,11.5,11.5,6.0,12.0,11.0,11.5,12.0,0.0
4,kyledillon,1.0,Spurs Up,3.0,135.9,510.38,564.48,0.904,4.0,0.0,0.0,4W,1.0,0.0,1.0,4.0,3.5,1.0,1.0,3.0,1.0,6.0,1.0,1.0,0.0
4,jetlifeallstar,2.0,Jet Life All-Stars,2.0,105.18,484.66,524.74,0.924,3.0,1.0,0.0,2W,1.0,0.0,2.0,2.0,3.5,2.5,2.5,8.0,4.0,2.0,2.5,2.0,0.0
4,joeycrossover,3.0,Cole World,1.0,137.02,478.26,525.7,0.91,3.0,1.0,0.0,1W,1.0,0.0,3.0,1.0,3.5,2.5,2.5,2.0,5.0,4.0,5.0,7.0,4.0
4,DoctaB,4.0,Sheesh,6.0,182.98,501.08,553.56,0.905,1.0,3.0,0.0,1W,1.0,0.0,10.0,1.0,3.5,10.5,10.5,1.0,2.0,5.0,5.0,11.0,7.0
4,Steveng93,5.0,Walker Hurts Swiftly,5.0,113.42,495.52000000000004,558.02,0.888,2.0,2.0,0.0,1L,0.0,1.0,4.0,-1.0,9.5,6.5,6.5,7.0,3.0,8.0,8.0,3.0,-2.0
4,zexler,6.0,ETN Dak Boutte,1.0,120.1,463.7,482.5,0.961,2.0,2.0,0.0,1L,0.0,1.0,6.0,-1.0,9.5,6.5,6.5,4.0,7.0,1.0,8.0,5.0,-1.0
4,gunnardillon,7.0,Dillon Panthers,2.0,91.52,466.44,511.64,0.912,2.0,2.0,0.0,2L,0.0,1.0,5.0,-2.0,9.5,6.5,6.5,10.0,6.0,3.0,10.0,4.0,-3.0
4,johnhallock,8.0,GFYS Athletic Club,4.0,98.92,419.84,473.34,0.887,2.0,2.0,0.0,2W,1.0,0.0,8.0,2.0,3.5,6.5,6.5,9.0,9.0,9.0,2.5,8.0,0.0
4,mbkaufmann,9.0,NINE Victim Support Group,5.0,119.08,417.71999999999997,473.96,0.881,2.0,2.0,0.0,1W,1.0,0.0,9.0,1.0,3.5,6.5,6.5,5.0,10.0,10.0,5.0,10.0,1.0
4,spida1313,10.0,Chase’in Coke,4.0,87.12,442.88,519.48,0.853,2.0,2.0,0.0,1L,0.0,1.0,7.0,-1.0,9.5,6.5,6.5,11.0,8.0,11.0,8.0,6.0,-4.0
4,jammer317,11.0,jammer317,6.0,85.38,393.16,442.16,0.889,1.0,3.0,0.0,3L,0.0,1.0,11.0,-3.0,9.5,10.5,10.5,12.0,12.0,7.0,11.0,9.0,-2.0
4,IssaWeelbie,12.0,Washington Weelbies,3.0,117.26,413.52,505.28,0.818,0.0,4.0,0.0,4L,0.0,1.0,12.0,-4.0,9.5,12.0,12.0,6.0,11.0,12.0,12.0,12.0,0.0
